cate,file_format,aid,image_tags
LOL,gif,01,-
LOL,jpg,01,-
OW,gif,01,dva ow
OW,gif,02,dva ow cute
OW,jpg,01,-
anime,gif,01,-
anime,gif,02,-
anime,gif,03,cute magic
anime,gif,04,-
anime,jpg,01,-
anime,jpg,02,-
plain,jpg,01,-
plain,jpg,02,-
plain,jpg,03,-
plain,jpg,04,-
plain,jpg,05,-
plain,jpg,06,-
plain,jpg,07,lion animal
plain,png,01,-
pokemon,jpg,01,-
pokemon,jpg,02,-
pokemon,jpg,03,-
pokemon,jpg,04,-
pokemon,jpg,05,-
pokemon,jpg,06,-
pokemon,jpg,07,-
pokemon,jpg,08,-
pokemon,jpg,09,-
pokemon,jpg,10,-
pokemon,jpg,11,-
pokemon,jpg,12,-
pokemon,jpg,13,-
pokemon,jpg,14,-
pokemon,jpg,15,-
pokemon,jpg,16,-
pokemon,jpg,17,-
pokemon,jpg,18,-
pokemon,jpg,19,-
pokemon,jpg,20,-
pokemon,jpg,21,-
pokemon,jpg,22,-
pokemon,jpg,23,cute
pokemon,jpg,24,-
pokemon,jpg,25,-
pokemon,jpg,26,-
pokemon,jpg,27,-
your_name,gif,01,-
your_name,gif,02,-
your_name,jpg,01,-
your_name,jpg,02,-
your_name,jpg,03,-
鬼滅之刃,gif,01,-
鬼滅之刃,gif,02,-
鬼滅之刃,gif,03,-
鬼滅之刃,gif,04,-
鬼滅之刃,gif,05,-
鬼滅之刃,jpg,01,-
鬼滅之刃,jpg,02,-
鬼滅之刃,jpg,03,-
鬼滅之刃,jpg,04,-
鬼滅之刃,png,01,-
鬼滅之刃,png,02,-
鬼滅之刃,png,03,-
